Movie ID,Release Date,Title,Actress,Thumbnail
050517-424,2017-05-05,女教師ザーメン物語,小野寺梨紗,https://tarimages.caribbeancom.com/images/flash/112442.jpg
050317-423,2017-05-03,Debut Vol.41 〜ピアノ講師が目隠しで感じるセックス〜,生島涼,https://tarimages.caribbeancom.com/images/flash/112225.jpg
050217-422,2017-05-02,町工場で働く巨乳女社長,黒木澪,https://tarimages.caribbeancom.com/images/flash/112224.jpg
042917-421,2017-04-29,Debut Vol.40 〜初めてのトビッコにガクガクしちゃう歌姫〜,華城まや,https://tarimages.caribbeancom.com/images/flash/112157.jpg
042817-420,2017-04-28,淫乱OLの下半身事情,丘咲エミリ,https://tarimages.caribbeancom.com/images/flash/112156.jpg
042517-419,2017-04-25,枕営業もラクじゃないぞ,夏乃ひまわり,https://tarimages.caribbeancom.com/images/flash/112155.jpg
042217-418,2017-04-22,極上泡姫物語 Vol.51,千野くるみ,https://tarimages.caribbeancom.com/images/flash/112153.jpg
042117-417,2017-04-21,学校へ行こうよぉ〜,姫川ゆうな,https://tarimages.caribbeancom.com/images/flash/112148.jpg
041917-416,2017-04-19,マンコ図鑑 姫川ゆうな,姫川ゆうな,https://tarimages.caribbeancom.com/images/flash/112147.jpg
041817-415,2017-04-18,オフィスでパワハラ中出しセックス,前田由美,https://tarimages.caribbeancom.com/images/flash/112146.jpg
041517-414,2017-04-15,淫乱検証 〜もう我慢できないよぉ〜,江波りゅう,https://tarimages.caribbeancom.com/images/flash/111655.jpg
041417-413,2017-04-14,全身拘束大量中出し,咲乃柑菜,https://tarimages.caribbeancom.com/images/flash/111654.jpg
041217-412,2017-04-12,マンコ図鑑 白石真琴,白石真琴,https://tarimages.caribbeancom.com/images/flash/111653.jpg
041117-411,2017-04-11,ふわふわおっぱいで素敵な家政婦サービス,折原ほのか,https://tarimages.caribbeancom.com/images/flash/111651.jpg
040817-410,2017-04-08,みんなで中出し抱き祭り,愛乃まほろ,https://tarimages.caribbeancom.com/images/flash/111650.jpg
040717-409,2017-04-07,鬼イキトランス 20,双葉みお,https://tarimages.caribbeancom.com/images/flash/111649.jpg
040517-408,2017-04-05,マンコ図鑑 愛乃まほろ,愛乃まほろ,https://tarimages.caribbeancom.com/images/flash/111648.jpg
040417-407,2017-04-04,視界侵入！たちまち挿入！ 〜いくつものムチャ振りにも超マン圧で神対応〜,木内亜美菜,https://tarimages.caribbeancom.com/images/flash/111647.jpg
040117-406,2017-04-01,舞坂仁美はなすがまま,舞坂仁美,https://tarimages.caribbeancom.com/images/flash/111630.jpg
033117-405,2017-03-31,絶対彼女。4,麻生希,https://tarimages.caribbeancom.com/images/flash/111627.jpg
032917-404,2017-03-29,マンコ図鑑 舞坂仁美,舞坂仁美,https://tarimages.caribbeancom.com/images/flash/111389.jpg
032817-403,2017-03-28,ロリコン専用ソープらんど6,一之瀬すず,https://tarimages.caribbeancom.com/images/flash/111388.jpg
032517-402,2017-03-25,甲斐ミハルがぼくのお嫁さん,甲斐ミハル,https://tarimages.caribbeancom.com/images/flash/111211.jpg
032417-401,2017-03-24,Debut Vol.39 〜子役出身芸能人のアソコをビシャーラ〜,夏乃ひまわり,https://tarimages.caribbeancom.com/images/flash/111209.jpg
032217-399,2017-03-22,マンコ図鑑 甲斐ミハル,甲斐ミハル,https://tarimages.caribbeancom.com/images/flash/111207.jpg
032117-398,2017-03-21,着ハメキャンディ File.025,桃井りの,https://tarimages.caribbeancom.com/images/flash/111206.jpg
031817-396,2017-03-18,シェアガール 〜非常識なとんでもねーヤツが来ちゃった〜,ゆうき美羽,https://tarimages.caribbeancom.com/images/flash/111203.jpg
031717-395,2017-03-17,ダイナマイト 初音ろりあ,初音ろりあ,https://tarimages.caribbeancom.com/images/flash/111201.jpg
031617-394,2017-03-16,アナル図鑑 小野寺梨紗,小野寺梨紗,https://tarimages.caribbeancom.com/images/flash/111200.jpg
031517-393,2017-03-15,縦型動画 011 〜ハメ撮りなんて小百合感じちゃう〜,前沢小百合,https://tarimages.caribbeancom.com/images/flash/111202.jpg
031417-392,2017-03-14,Debut Vol.38 〜陸上部で鍛えた豊満Gカップ〜,白石真琴,https://tarimages.caribbeancom.com/images/flash/111118.jpg
031117-391,2017-03-11,誘惑の美脚レースクィーン,真琴りょう,https://tarimages.caribbeancom.com/images/flash/110992.jpg
031017-390,2017-03-10,洗練された大人のいやし亭 〜何度もイっちゃうリナをお許しください〜,七瀬リナ,https://tarimages.caribbeancom.com/images/flash/110991.jpg
031017-001,2017-03-10,マンコ図鑑 七瀬リナ,七瀬リナ,https://tarimages.caribbeancom.com/images/flash/110990.jpg
030917-389,2017-03-09,THE 未公開 〜ぬらぬらオイルオッパイで別次元のパイズリ〜,八束みこと 霧島さくら 青山未来 真白愛梨,https://tarimages.caribbeancom.com/images/flash/110989.jpg
030817-388,2017-03-08,蝶が如く 〜ピンク通りの二輪車ソープランド3〜,朝桐光 美月優芽,https://tarimages.caribbeancom.com/images/flash/110844.jpg
030717-387,2017-03-07,どんなチンポも大大大好物,一条リオン,https://tarimages.caribbeancom.com/images/flash/110739.jpg
030417-386,2017-03-04,チアファック,羽多野しずく,https://tarimages.caribbeancom.com/images/flash/110491.jpg
030317-385,2017-03-03,パシオン・アモローサ 〜愛する情熱 5〜,小野寺梨紗,https://tarimages.caribbeancom.com/images/flash/110487.jpg
030317-001,2017-03-03,縦型動画 010 〜そんなイやらしく触るからチンチンをくわえたくなっちゃった〜,水原梨花,https://tarimages.caribbeancom.com/images/flash/110490.jpg
030217-384,2017-03-02,桃尻の節句す 〜お尻には自信あります〜,朝比奈みなみ,https://tarimages.caribbeancom.com/images/flash/110486.jpg
030117-383,2017-03-01,THE 未公開 〜家政婦さんの巨尻でシゴいて〜,西川ゆい,https://tarimages.caribbeancom.com/images/flash/110484.jpg
022817-382,2017-02-28,お汁が染み出るシースルーランジェリー,白瀬ここね,https://tarimages.caribbeancom.com/images/flash/110483.jpg
022817-001,2017-02-28,マンコ図鑑 白瀬ここね,白瀬ここね,https://tarimages.caribbeancom.com/images/flash/110482.jpg
022517-381,2017-02-25,宅配ロリ娘 〜ドMイキ天国〜,一之瀬すず,https://tarimages.caribbeancom.com/images/flash/110451.jpg
022417-380,2017-02-24,エミリを可愛がってください,丘咲エミリ,https://tarimages.caribbeancom.com/images/flash/110450.jpg
022317-379,2017-02-23,THE 未公開 〜恥じらいのお漏らし大作戦4〜,咲乃柑菜,https://tarimages.caribbeancom.com/images/flash/110449.jpg
022217-378,2017-02-22,極上セレブ婦人 Vol.12,大橋ひとみ,https://tarimages.caribbeancom.com/images/flash/110448.jpg
022117-377,2017-02-21,早抜き 西川ゆいBEST,西川ゆい,https://tarimages.caribbeancom.com/images/flash/110445.jpg
021817-376,2017-02-18,下着泥棒を捕まえて欲求不満を解消するご無沙汰妻,水原梨花,https://tarimages.caribbeancom.com/images/flash/110318.jpg
021717-375,2017-02-17,姫川ゆうなの見晴らし最高,姫川ゆうな,https://tarimages.caribbeancom.com/images/flash/110316.jpg
021617-001,2017-02-16,縦型動画 009 〜しのぷうのお口で肉棒フルスイング〜,碧しの,https://tarimages.caribbeancom.com/images/flash/110315.jpg
