Page_No,Series_No,Title,Actor
6388,n1184,鬼逝き - 安西美紗,安西美紗
6389,n1183,W姦 中山美憂/園田ありさ,園田ありさ 中山美憂
6385,n1182,外回営業員肉奴隷残虐契約,矢澤優香
6383,n1181,絶対服従 - 吉田りお,吉田りお
6380,n1180,美人秘書3穴串刺奉仕残業,中井綾香
6377,n1179,お天気キャスター悦汁洪水警報,白井紗奈
6378,n1178,家出生娘保護監禁串刺処分,西川美帆
6369,n1177,美脚OL秘部異物混入謝罪姦,大野理沙
6368,n1176,人生破滅美女鬼畜掃溜非道姦,北原真那
6365,n1175,ナマ姦GO！泥沼ナンパ中出争奪戦,横山悠美
6363,n1174,初裏失態強引中出阿鼻叫喚地獄,安西美紗
6356,n1173,鬼逝 - 吉田りお,吉田りお
6359,n1172,W姦 椎名柚子/水野遥香,椎名柚子 水野遥香
6354,n1171,清楚系美女初中出潮吹激恥責,白井紗奈
6353,n1170,大輪姦 献身美少女㊙極悪嬲姦,羽田真里
6349,n1169,W姦 萩原果歩/葉月絢音,葉月絢音 萩原果歩
6346,n1168,波乱万丈即孕引退中出人生,朝倉ゆみ
6342,n1167,大輪姦 鬼畜乱入残酷激情,水野遥香
6337,n1166,セーラー服純情少女絶望輪姦,椎名柚子
6338,n1165,従順雌犬調教鬼畜残酷姦,上村紗雪
6332,n1164,驚愕潮吹初裏生中出し姦,戸田麻美
6333,n1163,鬼逝 - 北原真那,北原真那
6327,n1162,陰部崩壊鬼畜襲撃大輪姦生地獄,安城愛海
6325,n1161,清楚令嬢鬼畜肉棒注入孕姦,加藤萌衣
6321,n1160,W姦 西島玲奈/西条沙羅,西条沙羅 西島玲奈
6318,n1159,最強屈辱縛拘束マジ奴隷姦,葉月絢音
6317,n1158,絶対服従 - 片岡乙葉,片岡乙葉
6313,n1157,スレンダー美女ド緊張初裏生中出姦,上村紗雪
6311,n1156,清楚系女子アナ生ハメ中継地獄,北原真那
6308,n1155,初裏美少女中出性処理道具調教,川奈優樹
6306,n1154,絶頂快感アクロバット失神姦,高倉りこ
6303,n1153,一刀両断 - 有村碧,有村碧
6301,n1152,初裏＆初中出し完全純潔少女無情責,安城愛海
6298,n1151,夢の巨乳パイズリ鬼畜完食姦,葉月絢音
6292,n1150,鬼逝 - 川野杏樹,川野杏樹
6290,n1149,華麗花嫁3穴串刺しマジ逝姦,西島玲奈
6289,n1148,凌辱！爆乳嬲寸止詐欺姦,萩原果歩
6285,n1147,鬼逝 - 石田美奈,石田美奈
6282,n1146,絶対服従 - 有村碧,有村碧
6279,n1145,W姦 高田さやか/神崎玲香,高田さやか 神崎玲香
6281,n1144,極小秘部少女極太肉棒捩込教室,松山莉緒
6275,n1143,驚愕！全穴ザー汁注入顔面崩壊姦,山下杏梨
6273,n1142,美人議員秘書初生中出姦,早川りさ
6269,n1141,春乱マン！屈辱3穴貫通入学式,東まひろ
6264,n1140,鬼逝 - 萩原果歩,萩原果歩
6260,n1139,一刀両断 - 吉沢美奈,吉沢美奈
6258,n1138,W姦 木下明日香/石田温子,木下明日香 石田温子
6257,n1137,一刀両断 - 高田さやか,高田さやか
6253,n1136,絶対服従 - 園田ありさ,園田ありさ
6250,n1135,鬼畜集団輪姦受精地獄,紺野千里
6248,n1134,W姦 市川留美/羽田真里,市川留美 羽田真里
6245,n1133,鬼逝 - 小西美緒,小西美緒
6243,n1132,東熱大乱交2015 Part4,岩崎香澄 早乙女茉莉 長谷川夏樹 小嶋夏海
6240,n1131,ザー汁調教屈辱極姦,岡田奈穂
6236,n1130,W姦 里中菜々/蒼井くるみ,里中菜々 蒼井くるみ
6234,n1129,絶対服従 - 橋本美姫,橋本美姫
6233,n1128,鬼逝 - 園田ありさ,園田ありさ
6230,n1127,絶対服従 - 神崎玲香,神崎玲香
6228,n1126,W姦 広瀬真琴/中原翔子,広瀬真琴 中原翔子
6227,n1125,絶対服従 - 稲森ゆかり,稲森ゆかり
6224,n1124,清楚系少女寸止悶絶姦,市川留美
6222,n1123,絶対服従 - 安田真弓,安田真弓
6218,n1122,鬼逝 - 里中菜々,里中菜々
6215,n1121,鬼逝 - 橋本美姫,橋本美姫
6213,n1120,大輪姦肉棒献身奉仕,早乙女茉莉
6210,n1119,超敏感娘悶絶初中出し,蒼井くるみ
6208,n1118,Gカップ美乳官能マニア姦,神崎玲香
6205,n1117,制服美少女屈辱股開姦,広瀬真琴
6203,n1116,絶対服従 - 西条沙羅,西条沙羅
6200,n1115,愛玩受付嬢完全廃人姦,石田温子
6199,n1114,鬼逝 - 上原美帆,上原美帆
6197,n1113,最高級スレンダーRQ屈辱責,稲森ゆかり
6193,n1112,憧れナース究極の凌辱姦,安田真弓
6190,n1111,W姦 柴崎真希/今井まどか,柴崎真希 今井まどか
6188,n1110,東熱大乱交2015 Part3,岩崎香澄 早乙女茉莉 長谷川夏樹 小嶋夏海
6185,n1109,東熱大乱交2015 Part2,岩崎香澄 早乙女茉莉 長谷川夏樹 小嶋夏海
6183,n1108,東熱大乱交2015 Part1,岩崎香澄 早乙女茉莉 長谷川夏樹 小嶋夏海
6180,n1107,精神崩壊！鬼畜ザーメン中出姦,河島望美
6178,n1106,鬼逝 - 西条沙羅,西条沙羅
6177,n1105,W姦 桜井なな/中井杏奈,桜井なな 中井杏奈
6173,n1104,長身美人降臨 肉ヒダ絡姦,上原美帆
6172,n1103,鬼逝 - 早乙女茉莉,早乙女茉莉
6168,n1102,W姦 川嶋亜希/大島ゆず奈,川嶋亜希 大島ゆず奈
6165,n1101,絶叫ドM調教従順雌犬教育,今井まどか
6163,n1100,奴隷中出契約精神崩壊姦,柴崎真希
6160,n1099,スレンダー美少女ザー汁洗礼,小坂詩織
6158,n1098,一刀両断 - 桜井なな,桜井なな
6155,n1097,W姦 京野圭子/香山瑞希,香山瑞希 京野圭子
6154,n1096,一刀両断 - 岩崎香澄,岩崎香澄
6149,n1095,絶対服従 - 大島ゆず奈,大島ゆず奈
6147,n1094,W姦 美星るか/篠宮麗香,美星るか 篠宮麗香
6144,n1093,鬼逝 - 川嶋亜希,川嶋亜希
6142,n1092,美人レポーター牢獄姦,小野美菜
6139,n1091,絶対服従 - 香山瑞希,香山瑞希
6137,n1090,絶対服従 - 羽田真里,羽田真里
6134,n1089,W姦 小嶋夏海/島崎由香里,島崎由香里 小嶋夏海
6132,n1088,絶対服従 - 桜井なな,桜井なな
6131,n1087,RQ!! 初中出屈辱姦,岩崎香澄
6127,n1086,W姦 里見はるか/藤木美夏,里見はるか 藤木美夏
6124,n1085,鬼逝 - 小野美菜,小野美菜
6123,n1084,お天気お姉さんエロ前線欲情中,香山瑞希
6121,n1083,鬼逝 - 京野圭子,京野圭子
6118,n1082,激感雌犬飼育日記,小嶋夏海
6116,n1081,絶対服従 - 篠宮麗香,篠宮麗香
6112,n1080,白目剥キャスター泡吹姦,美星るか
6109,n1079,鬼逝き - 藤木美夏,藤木美夏
6107,n1078,ナンパdeゲット! 騙し姦,本宮樹里
6104,n1077,美脚女子大生アクメ地獄,五十嵐真奈
6102,n1076,W姦 椎名愛莉/本田瑠奈,椎名愛莉 本田瑠奈
6099,n1075,清楚系OL崩壊Mプレイ,鈴木めぐみ
6098,n1074,激感電マ潮吹き地獄,杉浦美空
6094,n1073,尻フェチ鬼畜嬲姦,早坂あずみ
6093,n1072,一刀両断 水谷咲良,水谷咲良
6089,n1071,アナル肉奴隷拉致監禁,北野麻衣
6085,n1070,手足拘束枕営業中！,松岡美波
6084,n1069,一刀両断 椎名愛莉,椎名愛莉
6082,n1068,2時間少女 姫野萌花,姫野萌花
6081,n1067,清楚系女子大生崩壊姦,石田真悠
6077,n1066,W姦 森川真奈美/新島りおな,森川真奈美 新島りおな
6074,n1065,鬼逝 - 里見はるか,里見はるか
6073,n1064,一刀両断 橋本えり,橋本えり
6069,n1063,肉欲秘書凌辱奉仕残業,広瀬まみ
6067,n1062,傲慢女医鬼畜嬲り姦,柏木由実
6064,n1061,一刀両断 島崎由香里,島崎由香里
6062,n1060,悶絶痙攣擽り地獄,中澤真紀
6059,n1059,新島りおな アナル崩壊,新島りおな
6057,n1058,お天気キャスター拘束大狂乱,水沢かすみ
6056,n1057,問答無用姦 森川真奈美,森川真奈美
6052,n1056,鬼逝 - 高橋まなみ,高橋まなみ
6049,n1055,3穴串刺逝き地獄,伊藤恵子
6047,n1054,問答無用姦 小野静香,小野静香
6044,n1053,衝撃！生中出し大乱交デビュー,椎名愛莉
6041,n1052,意識崩壊ザーメン地獄姦,赤坂瑠衣
6043,n1051,女子大生連続生中出姦,中山あさ美
6036,n1050,鬼逝 - 安田優子,安田優子
6035,n1049,完璧キメ姦性欲奴隷,広瀬まみ
6031,n1048,G級爆乳娘痴態晒し姦,三浦愛莉
6028,n1047,初中出し！極限羞恥姦,水沢かすみ
6026,n1046,鬼逝+鬼縛 - 鈴木加奈,鈴木加奈
6023,n1045,肉欲接待強制アクメ,高橋まなみ
6021,n1044,鬼逝 - 北村沙織,北村沙織
6018,n1043,大昇天！永久絶頂地獄姦,赤坂瑠衣
6017,n1042,問答無用姦 山本玲奈,山本玲奈
6012,n1041,清楚系女子大生初中出し,岬千恵
6011,n1040,輪姦調教淫乱爆発姦,坂下奈穂
6008,n1039,種付サークル淫獣姦,白石かおり
6006,n1038,中出し美少女剣士見参！,中野ひとみ
6003,n1037,鬼逝W姦西川七瀬/佐藤悠美,佐藤悠美 西川七瀬
6001,n1036,進藤麻奈美ドＭ開眼！,進藤麻奈美
6000,n1035,W姦白鳥真衣/小山内由樹,白鳥真衣 小山内由樹
5996,n1034,Gカップ爆乳騎乗娘!!,渋谷晴美
5995,n1033,スレンダー美女キメ技奉仕,白石かおり
5992,n1032,W姦山本玲奈/本村紗枝,山本玲奈 本村紗枝
5988,n1031,鬼逝 - 二宮琴美,二宮琴美
5987,n1030,アナル調教泣悶絶姦,野村はるか
5985,n1029,女子大生鬼畜倶楽部,夏海里菜
5979,n1028,鬼逝 - 西川七瀬,西川七瀬
5978,n1027,清純少女肉食系喘ぎ姦,白鳥真衣
5976,n1026,鬼逝 - 佐藤悠美,佐藤悠美
5973,n1025,女子大生拉致監禁,山本玲奈
5971,n1024,W姦森下美穂/白崎千尋,森下美穂 白崎千尋
5966,n1023,鬼逝 - 青木祐美,青木祐美
5962,n1022,問答無用姦 石田千明,石田千明
5960,n1021,鬼逝 - 北川美雪,北川美雪
5959,n1020,美少女東熱流鬼イラマ姦,水樹梨香
5955,n1019,美人キャスター潮吹便器,森下美穂
5950,n1018,美人女子大生肉棒野獣姦,白崎千尋
5946,n1017,問答無用姦 高橋佳織,高橋佳織
5944,n1016,極小陰部ザーメン地獄,
5941,n1015,鬼逝 - 北野麻衣,北野麻衣
5939,n1014,初中出し美少女衝撃姦,中山美憂
5935,n1013,新人美少女痙攣嬲姦,水樹梨香
5934,n1012,東熱大乱交2014 Part3,さくらあきな 音羽レオン 平井莉乃 桜井怜奈
5931,n1011,東熱大乱交2014 Part2,さくらあきな 音羽レオン 平井莉乃 桜井怜奈
5929,n1010,東熱大乱交2014 Part1,さくらあきな 音羽レオン 平井莉乃 桜井怜奈
5926,n1009,美人アナウンサー肉棒責,山本悠子
5921,n1008,マジ惚れ女優羞恥姦,井上遥香
5917,n1007,W姦山崎まゆ/小嶋愛華,小嶋愛華 山崎まゆ
5914,n1006,知的美少女性崩壊地獄,有村碧
5912,n1005,強制イラマ嗚咽姦,久保純
5909,n1004,問答無用姦 美咲結衣,美咲結衣
5904,n1003,悪徳雌犬訓練所,中村アリサ
5900,n1002,美人雌初鬼畜責,北川美優
5899,n1001,凌辱少女痴態披露,石原美里
5896,n1000,中出し30連発鬼畜姦,本田瑠奈
5894,n0999,悶絶地獄水責姦,山本沙耶
5890,n0998,鬼逝 - 橘涼香,橘涼香
5887,n0997,メガアクメで失神寸前,藤原星華
5880,n0996,東熱に遥香見参！,井上遥香
5879,n0995,女子大生拉致監禁調教,結城奈菜
5875,n0994,鬼逝 - 長谷川玲,長谷川玲
5873,n0993,W姦葵しの/北原梢,北原梢 葵しの
5872,n0992,大泣き東熱デビュー,今村ゆう
5868,n0991,脱落アイドル肉体接待,本田瑠奈
5865,n0990,美少女降臨 中原翔子,中原翔子
5863,n0989,前代未聞！生挿入拒絶,後藤まりや
5860,n0988,女子大生輪姦 有村碧,有村碧
5855,n0987,W姦栄倉彩/神村江美里,栄倉彩 神村江美里
5852,n0986,軟体ファック 酒井まどか,酒井まどか
5850,n0985,W姦三浦萌花/美咲結衣,三浦萌花 美咲結衣
5846,n0984,お嬢様系アナウンサー,中野遼子
5843,n0983,W姦東山久美/谷沢美優,東山久美 谷沢美優
5842,n0982,新人女優調教ドキュメント,岩崎リエ
5838,n0981,人生初中出し 藤原紗英,藤原紗英
5837,n0980,痙攣顔射20発,高野祐実
5833,n0979,雌犬製造所,三浦萌花
5832,n0978,恍惚ザーメンまみれ,北原梢
5830,n0977,鬼逝 - 中井杏奈,中井杏奈
5829,n0976,W姦平井莉乃/長谷川ありさ,平井莉乃 長谷川ありさ
5825,n0975,問答無用姦 谷沢美優,谷沢美優
5822,n0974,異物挿入悶絶姦,山崎まゆ
5818,n0973,超爆乳娘降臨,松浦菜緒
5816,n0972,問答無用姦 橋本美帆,橋本美帆
5813,n0971,鬼逝 - 三浦萌花,三浦萌花
5811,n0970,W姦二ノ宮麗華/森村あや,二ノ宮麗華 森村あや
5808,n0969,脱輪アイドル餌食姦,おりたかな
5807,n0968,美少女降臨 東山久美,東山久美
5805,n0967,人生真っ逆さま　山岸真理,山岸真理
5800,n0966,鬼逝 - 平井莉乃,平井莉乃
5795,n0965,人生初中出し 伊藤紗奈,伊藤紗奈
5791,n0964,悪戯されたお嬢様,本澤ともみ
5788,n0963,鬼逝 - 長谷川ありさ,長谷川ありさ
5787,n0962,Fカップ女子校生拉致監禁,森村あや
5786,n0961,問答無用姦 高木陽菜,高木陽菜
5782,n0960,アブナイ課外授業,二ノ宮麗華
5778,n0959,W姦伊藤ゆう/小林理紗,小林理紗 伊藤ゆう
5775,n0958,ぶっかけ 顔射20発！,松岡セイラ
5773,n0957,美人ハーフ中出し20連発,松下ステラ
5770,n0956,問答無用姦 吉永小夜,吉永小夜
5768,n0955,ぶっかけに悶絶 橘実桜,橘実桜
5765,n0954,人生初中出し 加藤心美,加藤心美
5763,n0953,W姦琥珀うた/橋本美帆,橋本美帆 琥珀うた
5762,n0952,プリ尻本物レースクィーン,松岡セイラ
5758,n0951,鬼逝 - 高橋佳織,高橋佳織
5757,n0950,佐藤茉莉 膣穴串刺し,佐藤茉莉
5754,n0949,伊藤ゆう 衝撃的な出来事,伊藤ゆう
5750,n0948,問答無用姦 小林理紗,小林理紗
5745,n0947,W姦辻本りょう/夢実あくび,辻本りょう 夢実あくび
5742,n0946,橋本美帆変則FUCKに驚愕,橋本美帆
5740,n0945,鬼逝 - 琥珀うた,琥珀うた
5737,n0944,問答無用姦 さくらあきな,さくらあきな
5735,n0943,問答無用姦 木下祐里,木下祐里
5731,n0942,美少女極悪監禁陵辱,夢実あくび
5728,n0941,鬼逝+鬼縛 - 辻本りょう,辻本りょう
5721,n0940,音羽レオン12連発中出し,音羽レオン
5719,n0939,鬼逝+鬼縛 - 渡辺美羽,渡辺美羽
5716,n0938,鬼イラマに大粒の涙,山下綾香
5714,n0937,手足拘束オマンコ責めに悶絶,AYU
5709,n0936,W姦川越ゆい/長野由紀,川越ゆい 長野由紀
5704,n0935,鬼逝 - 木下祐里,木下祐里
5702,n0934,音羽レオン人生初中出し,音羽レオン
5699,n0933,3穴串刺し阿鼻叫喚,竹内汐音
5697,n0932,W姦みづなれい/葉山あかり,葉山あかり みづなれい
5694,n0931,超！美少女降臨,AYU
5693,n0930,新人お天気おねーさん,長野由紀
5688,n0929,W姦蒼乃かな/さくらあきな,さくらあきな 蒼乃かな
5682,n0928,問答無用姦 みづなれい,みづなれい
5678,n0927,私、超淫乱なんです…,葉山あかり
5677,n0926,東熱強制プレイに半泣き,蒼乃かな
5675,n0925,W姦小泉真希/荒木まい,荒木まい 小泉真希
5672,n0924,どM女を徹底イラマチオ,松本夏菜子
5671,n0923,生意気女を徹底調教,椎名みくる
5667,n0922,無茶苦茶にしても構わない,七瀬遙
5666,n0921,鬼逝 - さくらあきな,さくらあきな
5665,n0920,問答無用姦 朝倉なつ,朝倉なつ
5661,n0919,OLにナマ中出し2,若槻シェルビー 本多成実 沢田莉愛
5656,n0918,問答無用姦 川越ゆい,川越ゆい
5654,n0917,W姦本多翼/新山かえで,新山かえで 本多翼
5655,n0916,問答無用姦 小泉真希,小泉真希
5651,n0915,東熱大乱交2013 Part3,瀧澤まい メアリー・ジェーン・リー 大崎美佳 森なおみ 菊川怜子
5649,n0914,東熱大乱交2013 Part2,瀧澤まい メアリー・ジェーン・リー 大崎美佳 森なおみ 菊川怜子
5645,n0913,腐れ根性叩き直し鬼輪姦,竹内珠理
5644,n0912,東熱大乱交2013 Part1,瀧澤まい メアリー・ジェーン・リー 大崎美佳 森なおみ 菊川怜子
5641,n0911,W姦愛咲れいら/青山ゆい,愛咲れいら 青山ゆい
5637,n0910,初AV3穴串刺悶絶輪姦,
5635,n0909,マジ泣き!満タン東熱溢汁,小嶋愛華
5632,n0908,人生初中出し狂乱泣姦汁,西山愛
5630,n0907,問答無用姦 小林るな,小林るな
5627,n0906,人生初中出し即肉便器化,神村江美里
5625,n0905,大崎美佳東熱真正中出し,大崎美佳
5622,n0904,若槻シェルビー東熱膣射祭,若槻シェルビー
5620,n0903,東熱式肉便器製作所,七星くる
5619,n0902,愛咲れいら最後の3穴輪姦,愛咲れいら
5615,n0901,鬼輪姦38連中出し甘蕉汁,片瀬瑞穂
5614,n0900,東熱鬼畜で人生初中出し,松下栞
5613,n0899,W姦黒木真由美/瀧澤まい,瀧澤まい 黒木真由美
21237,n0898,問答無用姦 新山かえで,新山かえで
21236,n0897,荒木まい東熱人生初膣射,荒木まい
21235,n0896,愛咲れいら東熱真正膣射,愛咲れいら
21234,n0895,鬼逝 - 五十嵐彩衣,五十嵐彩衣
21233,n0894,W姦島崎麗那/美月優芽,美月優芽 島崎麗那
21232,n0893,人気絶頂娘転落東熱穢汁,本多翼
21231,n0892,可憐美少女3穴存続危機,日向小夏
21230,n0891,祝!東京五輪東熱国際輪姦,黒沢えりか
21212,n0890,今どきCA国際ナマ肉便器,メアリー・ジェーン・リー
21211,n0889,W姦小泉ミツカ/椎名ジュン,小泉ミツカ 椎名ジュン
21210,n0888,問答無用姦 南野あかり,南野あかり
21209,n0887,2時間少女・島崎麗那,島崎麗那
21208,n0886,帰国子女黒棒黄棒大嬲姦,大石もも子
21207,n0885,W姦愛花沙也/足立まりえ,愛花沙也 足立まりえ
21206,n0884,美月優芽東熱流3穴極姦,美月優芽
21205,n0883,流転人生子宮精液蟻地獄,小野寺のあ
21204,n0882,瀧澤まい矜持損壊東熱汁,瀧澤まい
21203,n0881,問答無用姦 椎名ジュン,椎名ジュン
21185,n0880,W姦水原めい/HIKARI,HIKARI 水原めい
21184,n0879,問答無用姦 遠藤あいこ,遠藤あいこ
21183,n0878,W姦木村つな/浅野ゆい,木村つな 浅野ゆい
21182,n0877,令嬢豹変膣射懇願肉便器,柚木莉奈
21181,n0876,Gカップ爆姦55連発,真咲アイラ
21180,n0875,三穴不眠不休24時,楓乃々花
21179,n0874,中出し同時痙攣メス,伊織しずく
21178,n0873,問答無用姦 沢田莉愛,沢田莉愛
21177,n0872,水原めい東熱汁子宮壊死,水原めい
21176,n0871,OLにナマ中出し,松岡ゆう 菊川怜子 沖ひとみ
21166,n0870,炉利自尿飲姦ギガ中出し,足立まりえ
21165,n0869,愛花沙也屈辱満タン東熱汁,愛花沙也
21164,n0868,W姦保科真美/白石ナオ,保科真美 白石ナオ
21163,n0867,本物RQ東熱人生初中出し,椎名ジュン
21162,n0866,鬼逝 - 小泉ミツカ,小泉ミツカ
21155,n0865,中出しチンコは髪で拭く,高梨玲奈
21154,n0864,極上スレンダーマジ嬲り姦,栄倉彩
21153,n0863,茅ヶ崎ありす人生初膣射,茅ヶ崎ありす
21152,n0862,HIKARI東熱凹姦テラ膣射,HIKARI
21151,n0861,尾野真知子東熱流膣射祭,尾野真知子
21137,n0860,鬼逝 - 菊川怜子,菊川怜子
21136,n0859,メチャ可愛い女に鬼中出し,石山亜衣
21135,n0858,W姦三上香里菜/五十嵐純子,五十嵐純子 三上香里菜
21134,n0857,木村つな真正30連中出し,木村つな
21133,n0856,本多成実アナル処女強奪,本多成実
21132,n0855,保科真美東熱痙攣肉便器,保科真美
21131,n0854,小橋咲東熱流膨満孕汁,小橋咲
21130,n0853,中出しとザーメン飲み,若月芽瑠 真木今日子 小林沙織 中川美香
21129,n0852,沖ひとみ東熱流肉便器調教,沖ひとみ
21128,n0851,ガチ!絶望姦　一ノ瀬ルカ,一ノ瀬ルカ
21112,n0850,HIKARI東熱流汁姦治療,HIKARI
21111,n0849,尾野真知子東熱20連穢汁,尾野真知子
21110,n0848,W姦椎名ひかる/西園寺れお,西園寺れお 椎名ひかる
21109,n0847,清純美少女無慈悲大膣射,浅野ゆい
21108,n0846,木村つな東熱流監禁孕姦,木村つな
21107,n0845,スレンダー発狂壊滅輪姦,黒木真由美
21106,n0844,美少女痙攣発狂集団孕姦,沢田莉愛
21105,n0843,五十嵐純子東熱破壊膣射,五十嵐純子
21104,n0842,三上香里菜東熱初裏ガチ,三上香里菜
21103,n0841,懇願無視無慈悲無限膣射,若月芽瑠
21088,n0840,三つ編純朴少女鬼畜陵辱,海来ひな
21087,n0839,水菜ユイ東熱強制懐妊姦,水菜ユイ
21086,n0838,W姦杉崎杏梨/竹内優奈,竹内優奈 杉崎杏梨
21085,n0837,尾野真知子東熱初裏ガチ,尾野真知子
21084,n0836,西園寺れおvs東熱鬼畜姦,西園寺れお
21083,n0835,リアル18歳3穴串刺し嬲姦,佐藤夏美
21082,n0834,椎名ひかる東熱ガチ18連汁,椎名ひかる
21081,n0833,北條紗雪東熱無限嬲姦汁,北條紗雪
21080,n0832,W姦このは/夏川純子,このは 夏川純子
21079,n0831,松岡ゆう東熱20連中出し,松岡ゆう
21060,n0830,令嬢無惨発狂破壊鬼姦汁,河島晴香
21059,n0829,深田もも東熱完全破壊姦,深田もも
21058,n0828,アナル処女強奪マジ泣き鬼姦,竹内優奈
21057,n0827,杉崎杏梨東熱28連膣射汁,杉崎杏梨
21056,n0826,トラウマ輪姦23連膣内破裂汁,夏川純子
21055,n0825,本物ファッションモデル凹姦嬲汁,菜々緒愛
21054,n0824,このは東熱流炉利残酷姦,このは
21053,n0823,懲姦!タレント志望馬鹿女,小林沙織
21052,n0822,中川美香東熱窒息鬼膣射,中川美香
21051,n0821,真木今日子東熱大発狂姦,真木今日子
21044,n0820,W姦悠希めい/武井麻希,悠希めい 武井麻希
21043,n0819,タレントの卵監禁鬼畜中出し,夏川純子
21042,n0818,高慢RQ炸裂20連天誅汁,西山エミリ
21041,n0817,澤田りこ東熱無断中出し,澤田りこ
21040,n0816,長身モデル系音大生姦愕鬼,矢部ひまり
21030,n0815,武井麻希東熱流3穴破壊姦,武井麻希
21029,n0814,悠希めい東熱流嬲姦発狂,悠希めい
21028,n0813,鬼逝 - 深田もも,深田もも
21027,n0812,宮地由梨香東熱46連汁葬,宮地由梨香
21026,n0811,沙藤ユリ東熱完全破壊姦,沙藤ユリ
21019,n0810,澤田りこ東熱流28連騙汁,澤田りこ
21018,n0809,東熱大乱交2012 Part2,長瀬真子 明日香クレア 田丸麻紀子 AIKA
21017,n0808,東熱大乱交2012 Part1,長瀬真子 明日香クレア 田丸麻紀子 AIKA
21016,n0807,明日香クレア⑭連東熱汁,明日香クレア
21015,n0806,全身痙攣爆逝き輪姦地獄,美鈴りん
21003,n0805,小沢アリス激逝き中出し,小沢アリス
21002,n0804,鬼逝 - 小松ナミ,小松ナミ
21001,n0803,宮地由梨香監禁⑰連膣射,宮地由梨香
21000,n0802,アナル処女子宮処女W強奪,沖原ローラ
20999,n0801,明日香クレア人生初中出し,明日香クレア
20992,n0800,杏樹紗奈リアル発狂東熱汁,杏樹紗奈
20991,n0799,更田まき東熱人生初膣射,更田まき
20990,n0798,小沢アリス東熱ガチ中出し,小沢アリス
20989,n0797,宮地由梨香東熱中出し罰,宮地由梨香
20988,n0796,キメ姦　愛内希,愛内希
20978,n0795,杏樹紗奈東熱子宮吸引汁,杏樹紗奈
20977,n0794,更田まき東熱初ガチ3穴姦,更田まき
20976,n0793,鬼逝 - 愛内希,愛内希
20975,n0792,青山ゆい初の真正中出し,青山ゆい
20974,n0791,鮎川千里東熱流ガチ中出し,鮎川千里
20966,n0790,爆姦美人膣内繁殖鬼畜汁,加藤夏美
20965,n0789,マジ泣!2穴人生初中出し,三井ゆかり
20964,n0788,長瀬真子東熱初姦3穴驚汁,長瀬真子
20963,n0787,アイドル中出し子宮腐敗,叶咲ゆめ
20962,n0786,限定美少女人生初中出し,五十嵐麻耶
20952,n0785,リアル⑱歳炉マン鬼畜餌食,堀井由真
20951,n0784,美姦スレンダー池内七海,池内七海
20950,n0783,あずみ恋東熱見納め3穴姦,あずみ恋
20949,n0782,京野結衣東熱3穴爆裂嬲汁,京野結衣
5790,n0781,謎の美人コスプレ3種孕姦,伊藤舞
20947,n0780,初アナル!藤原遼子2穴壊姦,藤原遼子
20946,n0779,まりか烈姦東熱4本挿し,まりか
20945,n0778,杉崎杏梨東熱ガチ発狂汁,杉崎杏梨
20944,n0777,鬼畜撮!妊娠のメカニズム,神村美沙
20943,n0776,愛原エレナ東熱ガチ汁便器,愛原エレナ
20928,n0775,新人メイド汚汁溺れ発狂,星野イオ
20927,n0774,平子知歌東熱流3穴爆壊汁,平子知歌
20926,n0773,黒黄劣悪遺伝子強制注入,雪乃紗恵
20925,n0772,天空中出しエレベーター,倉持由紀
20924,n0771,美月東熱流ガチ汁19連発+,美月
20916,n0770,西野花梨東熱人生初膣射,西野花梨
20915,n0769,RQ転落人生下衆男貢ぎ汁,永山愛
20914,n0768,松すみれ爆裂東熱混合潮,松すみれ
20913,n0767,騙され美人悔恨ガチ東熱汁,伊藤舞
20912,n0766,爆姦膣射美乳スレンダー痴女,嶋ユリア
20911,n0765,葵なつ東熱獣汁30連注入,葵なつ
20910,n0764,つくし東熱流人生初膣射,つくし
20908,n0763,小野麻里亜東熱ガチ汁調教,小野麻里亜
20905,n0762,初姦スレンダー藤原遼子,藤原遼子
20902,n0761,真中かおり東熱ブサ汁孕姦,真中かおり
20899,n0760,篠めぐみ東熱3穴全壊窒息,篠めぐみ
20897,n0759,相島奈央東熱爆潮便座A,相島奈央
20894,n0758,生意気RQ膣膨満絶望汁,黒澤里恵
20888,n0757,京野ななか東熱肉便器48,京野ななか
20883,n0756,葵なつ東熱流真正中出し,葵なつ
20881,n0755,スレンダーCA膣射29連発,上杉真由
20876,n0754,月本いおり東熱水着膣射,月本いおり
20875,n0753,若菜亜衣東熱2本挿41汁,若菜亜衣
20873,n0752,拉致監禁包帯ギプス輪姦,福原悠里
20858,n0751,鬼逝 - 中原あきな,中原あきな
20056,n0673,亜佐倉みんと東熱膣射葬,亜佐倉みんと
20852,n0750,友ちんこ・2本挿し30汁逝,大倉彩音
20849,n0749,水澤りの東熱ガチ汁発狂,水澤りの
20844,n0748,本多成実東熱ガチ汁30葬,本多成実
20810,n0747,若菜亜衣東熱流ガチ中出し,若菜亜衣
20809,n0746,哀川りん東熱真正中出し,哀川りん
20808,n0745,現役女子大生臨死肉便器,杉崎晴香
20807,n0744,AIKA東熱31連ガチ中出し,AIKA
20806,n0743,上条めぐ東熱ガチ中出し,上条めぐ
20805,n0742,早瀬ありす東熱ガチ中出し,早瀬ありす
20804,n0741,友ちんコ・キモ汁中出し,大倉彩音
20803,n0740,藤咲葵東熱流真正中出し,藤咲葵
20802,n0739,マジギレ餌食呼吸困難汁,竹田洋子
20801,n0738,本多成実東熱ガチ中出し,本多成実
20800,n0737,永沢まおみ東熱ガチ汁30葬,永沢まおみ
20799,n0736,監禁スレンダー無限嬲汁,姫川那奈
20798,n0735,煌芽木ひかる東熱鬼膣射,煌芽木ひかる
20797,n0734,川島れい東熱ガチ中出し,川島れい
20796,n0733,岩佐あゆみ東熱膣射完食,岩佐あゆみ
20795,n0732,165cm元RQ嬲孕ませ中出し,名白まさみ
20794,n0731,大森美玲東熱流ガチ中出し,大森美玲
20793,n0730,綾瀬ティアラ東熱42発葬,綾瀬ティアラ
20000,n0729,素人無残3穴激輪崩壊汁,香川りく
20001,n0728,永沢まおみ東熱鬼潮孕逝,永沢まおみ
20002,n0727,本物RQ東熱流肉便器処理,佐竹詩織
20003,n0726,篠崎ジュリア東熱真正汁,篠崎ジュリア
20004,n0725,愛内希東熱流ガチ中出し,愛内希
20005,n0724,AIKA膣膨満真正東熱孕汁,AIKA
20006,n0723,美人の美マンが擦過糜爛,田村みおり
20007,n0722,美乳炉利詰込鬼畜腐敗汁,冴島奈美
20008,n0721,女性機長孕孕多挿操縦桿,前嶋美紀
20009,n0720,綾瀬ティアラ東熱ガチ中出し,綾瀬ティアラ
20010,n0719,堀北真里無限真正中出し,堀北真里
20011,n0718,鈴音りおな引退東熱祝汁,鈴音りおな
20012,n0717,美咲恋東熱流ガチ中出し,美咲恋
20013,n0716,西山希東熱流ガチ中出し,西山希
20014,n0715,2本挿し変態ザー好き炉利,伊東夏帆
20015,n0714,壮絶!無差別輪姦51連汁,西河みなみ
20016,n0713,篠めぐみ東熱3穴全損発狂,篠めぐみ
20017,n0712,東熱流女教師ガチ中出し,相川まみ
20018,n0711,橘ひなた東熱ガチ中出し,橘ひなた
20019,n0710,長身モデル系極ガチ陵辱,田丸麻紀子
20020,n0709,本物RQの激しい抵抗,畑中留菜
20021,n0708,宮瀬リコ東熱ガチ中30連発,宮瀬リコ
20022,n0707,源すず東熱流ガチ中出し,源すず
20023,n0706,鬼逝 - 櫻井ともか,櫻井ともか
20024,n0705,東熱大乱交2011 Part2,西尾かおり 瞳りん 宮瀬リコ 秋元希
5578,n0582,美咲アリア東熱流3穴極姦,美咲アリア
20025,n0704,東熱大乱交2011 Part1,西尾かおり 瞳りん 宮瀬リコ 秋元希
20026,n0703,女子アナにしてみたい事,芹沢紀香
20027,n0702,鬼逝 - 矢吹杏,矢吹杏
20028,n0701,沢尻ベリー東熱鬼中出し,沢尻ベリー
20029,n0700,無説明無容赦膣射25連発,西河みなみ
20030,n0699,偏差値70牝3穴屈辱輪姦,角野ゆづき
20031,n0698,おぞまし過ぎる白目失神,綾波ひかり
20032,n0697,3穴全損輪姦過呼吸嘔吐逝,湯川愛菜
20033,n0696,ナマ専門精液吸取り人形,浅倉ゆうな
20034,n0695,前田陽菜東熱廃人中出し,前田陽菜
20035,n0694,現役モデル3穴血祭り輪姦,富永杏
20036,n0693,錯乱!リアル素人絶望輪姦,新城みう
20037,n0692,喰精四方八方汁嵐52発,たおか梨華
20038,n0691,絶望炉利監禁中出し地獄,来栖なほ
20039,n0690,東京熱で人生初中出し!,秋元希
20040,n0689,前田陽菜東熱真正中出し,前田陽菜
20041,n0688,鬼逝 - 宮間葵,宮間葵
20042,n0687,ありさ東熱流真正中出し,ありさ
20043,n0686,宮瀬リコ東熱ガチ中出し,宮瀬リコ
20044,n0685,鬼逝 - 上坂あゆ,上坂あゆ
20045,n0684,泥酔女学生輪姦汁濁介抱,白石美香
5609,n0613,星乃せあら東熱流鬼廻し,星乃せあら
20046,n0683,西尾かおり東熱鬼畜膣射,西尾かおり
20047,n0682,鬼逝 - 横山みれい,横山みれい
20048,n0681,高城みくり東熱ガチ中出し,高城みくり
20049,n0680,芸能系モデル転落東熱汁,葵さやか
20050,n0679,ザー汁溺死凹姦売却牝,如月妃美子
20051,n0678,瞳りん東熱流真正中出し,瞳りん
20052,n0677,人気炉女優復活即粉砕姦,高城麻友
20053,n0676,西尾かおり東熱ガチ中出し,西尾かおり
20054,n0675,美咲結衣アナル2本挿壊滅姦,美咲結衣
20055,n0674,星崎アンリ無限東熱汁死,星崎アンリ
20057,n0672,小日向みく東熱極中出し,小日向みく
20058,n0671,長身モデル系業界性玩具,小嶋優子
20059,n0670,希咲あや東熱真正中出し,希咲あや
20060,n0669,美人好色受付嬢孕汁調教,優香りあ
20061,n0668,新人女子アナ生姦実況汁,上坂あゆ
20062,n0667,極悪!ザーメン満タン封鎖マンコ,南みか
20063,n0666,あいりみく東熱鬼中出し,あいりみく
20064,n0665,孕!完全服従炉利メイド,南方さき
20065,n0664,無限輪姦女子大生姦殺汁,湯川愛菜
20066,n0663,小日向みく東熱真正膣射,小日向みく
20067,n0662,監禁CA激逝き汁漬け中毒,神田来未子
5570,n0574,直嶋あい東熱流ガチ中出し,直嶋あい
20068,n0661,腐敗臭チンコ無理矢理中出し,田辺瑞穂
20069,n0660,美乳新人拉致監禁天誅汁,黒川優花
20070,n0659,一ノ瀬アメリ東熱極膣射,一ノ瀬アメリ
20071,n0658,パイパン炉マン極中出し,七草アンナ
20072,n0657,炉美マン変貌便所マンコ,田中麗香
20073,n0656,あいりみく東熱ガチ中出し,あいりみく
20074,n0655,極上キャンギャル発狂32連発,荒川洋子
20075,n0654,吉田花東熱流壊滅中出し,吉田花
20076,n0653,水玉レモン東熱完全肉便器,水玉レモン
20857,n0652,脅迫押し入り強制中出し,関根啓子
20077,n0651,南野あかり東熱発狂汁,南野あかり
20078,n0650,星空みちる東熱地獄輪姦,星空みちる
20079,n0649,女子アナマゾ肉便器計画,宮野麻奈果
20080,n0648,弘前亮子東熱真正中出し,弘前亮子
20081,n0647,美脚CA完全発狂肉便器,根本理沙
20082,n0646,一ノ瀬アメリ東熱ガチ汁姦,一ノ瀬アメリ
20083,n0645,天宮まりる東熱流3穴ガチ姦,天宮まりる
20084,n0644,坂野由梨東熱ガチ中出し,坂野由梨
20085,n0643,すずきりりか東熱ガチ姦汁,すずきりりか
20086,n0642,小沢優名東熱流ガチ中出し,小沢優名
20087,n0641,慢心高慢RQ中出し天誅汁,大島亜梨沙
20088,n0640,武藤クレア東熱流肉便器,武藤クレア
5547,n0551,ガチ!絶望姦 黒沢栞,黒沢栞
20089,n0639,榎本すみれ東熱嬲中出し,榎本すみれ
20090,n0638,星空みちる東熱ガチ中出し,星空みちる
20091,n0637,スレンダー女教師嬲姦孕汁,牧原美奈
20092,n0636,芽衣奈東熱無差別中出し,芽衣奈
20093,n0635,極上RQ2挿輪姦鬼中出し,荒川洋子
20094,n0634,水玉レモン東熱ガチ中出し,水玉レモン
20095,n0633,美乳新人女優再起不能姦,中島まゆみ
20096,n0632,新人極限調教大膣射地獄,小嶋眞由美
20097,n0631,人権無視鬼輪姦無限膣射,上村佳奈
20098,n0630,浅乃ハルミ東熱流3穴激姦,浅乃ハルミ
20099,n0629,榎本すみれ東熱極中出し,榎本すみれ
20100,n0628,谷村早苗東熱流汁姦葬,谷村早苗
20101,n0627,白咲舞東熱流極悪中出し,白咲舞
20102,n0626,天宮まりる東熱ガチ中出し,天宮まりる
20103,n0625,怯える牝を輪姦鬼中出し,片岡玲美
20104,n0624,かなみ芽梨東熱鬼畜汁逝,かなみ芽梨
20105,n0623,キャンギャル穴潰し窒息裂膣姦,長野唯
20106,n0622,浅乃ハルミ東熱流ガチ汁姦,浅乃ハルミ
5524,n0527,ガチ!絶望姦 松山亜実,松山亜実
20107,n0621,鬼逝 - 沢田真菜,沢田真菜
20108,n0620,谷村早苗東熱流ガチ中出し,谷村早苗
20109,n0619,東熱流藤軍団潰滅中出し,藤野ルミ
20110,n0618,かなみ芽梨東熱流ガチ輪姦,かなみ芽梨
20111,n0617,アイドル系東熱中出しデビュー,板野友代
20112,n0616,東熱医院女子大生懐妊汁,並木アンナ
5611,n0615,坂本麻弥東熱流肉便器,坂本麻弥
5610,n0614,白咲舞東熱流真正中出し,白咲舞
5608,n0612,ニュースキャスターは生ハメ本番中,神谷恭子
5607,n0611,葉山潤子東熱流ガチ汁姦,葉山潤子
5606,n0610,乙音奈々東熱流ガチ中出し,乙音奈々
5605,n0609,神待ち少女凶悪輪姦孕逝,希沙アンナ
5604,n0608,あすか伊央東熱的引退汁,あすか伊央
5603,n0607,渚崩壊恐怖の東熱チンポビル,渚
5602,n0606,爆姦RQ強烈1穴2本挿し,持田ヒカリ
5601,n0605,まみるの東熱20連中出し,糸川まみる
5600,n0604,雨宮琴音東熱流ガチ姦葬,雨宮琴音
5599,n0603,姫乃杏樹炉マン崩壊中出し,姫乃杏樹
5598,n0602,東熱大乱交2010 Part2,篠めぐみ 鈴木さとみ 酒井杏奈 直嶋あい
5597,n0601,鬼逝 - 南しずか,南しずか
5596,n0600,東熱大乱交2010 Part1,篠めぐみ 鈴木さとみ 酒井杏奈 直嶋あい
5595,n0599,倉木みお東熱流ガチ汁中毒,倉木みお
5594,n0598,美人校医学内無差別輪姦,飯島奈津美
5593,n0597,内田真由東熱流ガチ中出し,内田真由
5592,n0596,セレブ医大生学内孕輪姦,三津谷蘭
5591,n0595,留学無残黒マラ黄マラ孕姦汁,高島凛
5590,n0594,雨宮琴音東熱流ガチ中出し,雨宮琴音
5589,n0593,T大テニス部合宿輪姦事件,高橋由衣
5588,n0592,まみるの東熱真正中出し,糸川まみる
5587,n0591,鬼逝 - 北原香菜,北原香菜
5586,n0590,倉木みお東熱流ガチ汁注入,倉木みお
5585,n0589,美マン崩壊爆輪姦夥孕汁,川瀬りな
5584,n0588,黒マラ黄マラ巨乳極輪姦,姫川梨乃
5583,n0587,素人輪姦廃棄野良肉便器,佐々木明日香
5582,n0586,美人CA3穴凹姦壊滅嬲汁,吉沢咲良
5581,n0585,河愛杏里東熱流鬼中出し,河愛杏里
5580,n0584,絶品餌食過剰中出し重篤汁,酒井杏奈
5579,n0583,汁漬け女子大生3穴決壊姦,新藤みく
5577,n0581,スレンダーRQ陰部崩壊輪姦,大城和香
5576,n0580,上玉新人嬲嬲輪姦忌汁塗,如月莉亜
5575,n0579,新人美形スレンダー潰輪姦,奄美彩加
5574,n0578,夏原カレン東熱流ガチ中出し,夏原カレン
5573,n0577,凶悪輪姦全穴封鎖41連発,近藤美佐
5572,n0576,本物新体操選手を凹凹姦,高岡めぐみ
5571,n0575,現役英語講師子宮封鎖汁,尾崎一美
5569,n0573,篠めぐみ東熱流ガチ中出し,篠めぐみ
5568,n0572,スレンダー美大生肉便器オブジェ,柏木友美
5567,n0571,美人保母中出し待機児童,佐倉れな
5566,n0570,上玉新人孕孕輪姦過剰潮,如月莉亜
5565,n0569,S級牝東熱流嬲姦徹底調教,江藤翼
5564,n0568,乳神青木りん轟沈東熱汁,青木りん
5563,n0567,現役キャンギャル串刺孕汁,佐藤ちなみ
5562,n0566,女子大生東熱沈没悔恨汁,並木芽衣
5561,n0565,美人アスリート2穴蹂躙汁,田辺智美
5560,n0564,美乳餌食失神過剰中出し,水野紫苑
5559,n0563,高級車ディーラーの女,豊川渚
5558,n0562,炉輪姦校内暴行妊娠汁,宮本はづき
5557,n0561,女子大生路上車内中出し,浜崎美樹
5556,n0560,本物アナウンサー鬼姦孕姦晒汁,仲田亜紀子
5555,n0559,モデル系強制吸飲中出し汁,日向夏見
5554,n0558,可愛い女性を凹凹中出し,西本さくら
5553,n0557,巨乳炉利30人無差別膣射,本田絵美
5552,n0556,本物RQ屈辱輪姦悔恨汁,山口梨恵子
5551,n0555,美人レポーター温泉輪姦孕汁,霧島由宇
5550,n0554,OLを会社帰りに鬼中出し,西野麻由美
5549,n0553,美人キャスター2本挿膣壊汁姦,一条玲奈
5548,n0552,新垣セナ最終中出し地獄,新垣セナ
5546,n0550,完全炉利校内集団暴行汁,有森美結
5545,n0549,小桜沙樹東熱流汁殺輪姦,小桜沙樹
5544,n0548,Gカップ過剰輪姦過多孕汁,大橋桃花
5543,n0547,輪姦美乳OL社内総中出し,山崎真衣子
5542,n0546,炉娘売買過剰輪姦溺汁死,杉浦希亜
5541,n0545,女子アナ鬼廻し横溢孕汁,中川加奈子
5540,n0544,ガチ!絶望姦 高垣怜,高垣怜
5539,n0543,罠汁 佐々木深雪,佐々木深雪
5538,n0542,爆乳Gカップ無差別中出し,折笠しのぶ
5537,n0540,罠汁 大滝美帆,大滝美帆
5536,n0539,美人秘書膣壊孕汁⑳連発,高岡由紀
5535,n0538,エリート女子大生恥晒孕姦汁,三田村静佳
5534,n0537,騙姦過剰中出し子宮壊死,藤井紀香
5533,n0536,完璧牝爆裂膣射30連発葬,城崎麻理子
5532,n0535,現役モデル凹姦注入極悪汁,渋谷莉緒
5531,n0534,美巨乳女子校生懲姦孕汁,江藤つかさ
5530,n0533,ガチ!絶望姦 青木芽衣,青木芽衣
5529,n0532,本物OL鬼姦臓壊嬲夥汁,大島咲希
5528,n0531,鬼逝 - 杉本優奈,杉本優奈
5527,n0530,極上クビレOL3穴壊姦逝々死,北原美夏
5526,n0529,上玉CA嬲嬲姦孕々汁乗務,秋元智美
5525,n0528,炉美満破壊2本挿鬼輪姦,片山莉乃
5523,n0526,愛沢蓮凹姦過逝鬱悪化汁,愛沢蓮
5522,n0525,鬼逝 - 宮下ひかり,宮下ひかり
5521,n0524,新人OL強制妊娠輪姦汁,新条えり
5520,n0523,神賜蛋白全穴破壊肉塊化,片岡美雪
5519,n0522,本物RQ輪姦中出し感動汁,城崎麻理子
5518,n0521,美人キャスター鬼姦全穴破壊,秋元真希
5517,n0520,素人嬲孕輪姦強制精神病,木下雫
5516,n0519,美乳ナース孕汁大量嬲注射,上村佳奈
5515,n0518,美人OL社内非道輪姦,比佐野沙羅
5514,n0517,女子大生リアル性犯罪餌食,安原早苗
5513,n0516,ギャルファー粉砕2本挿鬼輪姦,兼田久美
5512,n0515,巨乳リポーター蹂躙三穴壊汁,青山千尋
5511,n0514,輪姦MC中出し種付生中継,三浦香奈子
5510,n0513,美人女子大生嵌姦縛汁屍,真野しおり
5509,n0512,鬼畜五十人貪嬲満出輪姦,新井祐美
5508,n0511,OL肉便器2穴損壊孕姦嬲汁,竹内涼子
5507,n0510,膣内過剰精液強制泣嚥下,西崎美貴子
5506,n0509,上玉餌食無限輪姦凹凹汁,白樹純菜
5505,n0508,女子大生輪姦調教孕孕汁,山口聡子
5504,n0507,生意気牝三穴蹂躙天誅汁,若菜結衣
5503,n0506,惨劇美乳輪姦必孕嬲凹汁,中嶋由紀恵
5502,n0505,全穴中出し贓物崩壊輪姦,久坂あずみ
5501,n0504,女子アナ凹姦強制種付孕汁,広瀬藍子
5500,n0503,長身モデル過剰輪姦汁溺死,桜井美里
5499,n0502,顛末肉便器エセセレブ汁,北条麻妃
5498,n0501,無言輪姦三穴破壊生贄汁,佐野美鈴
5497,n0500,生意気RQ屈辱輪姦膣壊汁,RINA
5496,n0499,鬼姦クリニック審美膣穴汁,優木もなみ
5495,n0498,美人OL輪姦美満潰捻汁,宮村麻耶
5494,n0497,炉メイド凄惨輪姦膣壊爆汁,松井美雪
5493,n0496,東熱CA大乱交2009 Part2,渡辺茜 高垣怜 桜井美里 望月涼子
5492,n0495,東熱CA大乱交2009 Part1,渡辺茜 高垣怜 桜井美里 望月涼子
5491,n0494,美形秘書二穴崩壊鬼輪姦,片岡しずく
5490,n0493,凄惨炉餌食校内汁殺輪姦,辻みゆき
5489,n0492,彼女系酷姦嬲姦汁姦地獄,永澤江里菜
5488,n0491,監禁鬼輪姦汁殺便器以下,久坂あずみ
5487,n0490,巨乳アナ中出し痙攣逝地獄,古瀬理絵
5486,n0489,震撼!ワケあり令嬢凹輪姦,佐野美鈴
5485,n0488,岬リサ真性フルボッコ中出し,岬リサ
5484,n0487,上玉Eカップ瞬姦病殺肉便器,黒田やよい
5483,n0486,人気女優悔恨廻死嬲凹汁,愛音ゆり
5482,n0485,凹姦アイドル子宮損壊悪辣汁,桜真理
5481,n0484,嬲姦嬲姦ミニスカ汁POLICE,中山梨奈
5480,n0483,上玉餌食監禁強制種付姦,白樹純菜
5479,n0482,最低精子汚孕美満姦嬲姦,安藤なつみ
5478,n0481,現役ピアノ講師冒涜種付汁,新倉ゆか
5477,n0480,長身モデル強制アクメ悶絶死,望月涼子
5476,n0479,美少女嬲姦東熱流稽古汁,藤崎薫
5475,n0478,完璧モデル無限群貪膣射姦,高垣怜
5474,n0477,注入根性汁!実業団陸上部,松本かえで
5473,n0476,白衣の変態輪姦調教孕汁,霧島奈津美
5472,n0475,スッチー受難膣内爆裂操汁姦,藤代まゆ
5471,n0474,高慢秘書鬼姦汁渦沈溺死,片瀬那美
5470,n0473,長身綺麗系凹輪姦重篤汁,渡辺茜
5469,n0472,夏川るい轟沈孕罹輪姦死,夏川るい
5468,n0471,完璧モデル系完膚バキョ輪姦,高垣怜
5467,n0470,優香⑱歳2本挿しボコ廻し,南優香
5466,n0469,巨乳女教師奴隷化汁便器,二ノ宮優子
5465,n0468,不倫キャスター人生終了悔汁,山口モナ
5464,n0467,アイドル黒黄輪姦無限汁地獄,朝比奈茉里菜
5463,n0466,女子アナ鬼中出し無限潮噴,吉崎美帆
5462,n0465,某大ラクロス部極悪輪姦事件,涼宮琴美
5461,n0464,完璧娘無差別輪姦乱射汁,芹澤カレン
5460,n0463,OLは社会の公器肉便器,三條美紗
5459,n0462,素人娘拉致監禁汁濁輪姦,松下百合
5458,n0461,女子アナ懲罰輪姦汁地獄,佐久間真麻
5457,n0460,女子アナ輪姦アナル処女強奪,平山祐美
5456,n0459,人気グラデル中出し三昧,里崎美莉
5455,n0458,拉致監禁無開放永遠輪姦,池内莉奈
5454,n0457,鬼逝 - 倉林聖子,倉林聖子
5453,n0456,輪姦アイドル無限中出し地獄,朝比奈茉里菜
5452,n0455,美少女校内輪姦極悪嬲汁,涼宮琴美
5451,n0454,激痛無視令嬢輪姦2本挿し,谷村しおり
5450,n0453,スレンダーモデル系姦落肉便器,橘美莉亜
5449,n0452,東熱流極上餌食貪り輪姦,池内莉奈
5448,n0451,新任女教師極悪縛姦汁殺,藤村翔子
5447,n0450,炉メイド嬲姦膣肉崩壊糜爛汁,水澤このみ
5446,n0449,令嬢輪姦強制連続中出し,村上真依
5445,n0448,美人キャスター輪姦生中継,大谷真央子
5444,n0447,新人アイドル3穴決壊輪姦,南田明菜
5443,n0446,目を付けた女は嬲り犯せ!,綾部はるか
5442,n0445,捜父姑娘望郷鬼畜中出し,松田愛華
5441,n0444,美人秘書過剰輪姦臨死汁,藤代まゆ
5440,n0443,美人CA輪姦中出し嬲汁,白河夕紀
5439,n0442,美乳餌食極悪集団陵辱汁,森川千里
5438,n0441,Gカップ女教師校内鬼輪姦,桜井菜々子
5437,n0440,モデル面接極悪輪姦業界掟,荒木優樹菜
5436,n0439,再起不能極悪輪姦夜驚症,赤西涼
5435,n0438,そそりOL輪姦汁濁天誅,武田沙樹
5434,n0437,ハーフモデル輪姦強制AV撮影,吉川澪
5433,n0436,娘は東京で種付け輪姦汁,飯島みゆき
5432,n0435,某大ラクロス部非道輪姦事件,小山藍
5431,n0434,就活餌食美マン無限中出し,井上亜由美
5430,n0433,女流演奏家輪姦変イ短調,水嶋沙織
5429,n0432,芸界新人性的接待無限汁,谷口さやか
5428,n0431,馬鹿モデル輪姦汁濁調教,黒田千春
5427,n0430,巨乳女医鬼輪姦局部不全,夏川瞳
5426,n0429,美形Eカップ中出し無茶輪姦,福山沙紀
5425,n0428,鬼逝 - 赤西涼,赤西涼
5424,n0427,新人OL孕々輪姦過剰研修,青田由衣
5423,n0426,鬼姦!実録モデルオーディション,長谷川ゆり
5422,n0425,超絶美少女最悪精液溺姦,佐藤穂乃花
5421,n0424,美人秘書鬼輪姦劣悪汁殺,北村加奈子
5420,n0423,お天気キャスター生姦肉奴隷,菊池真奈美
5419,n0422,生意気RQ徹底輪姦屈辱死,五十嵐マキ
5418,n0421,お天気キャスター輪姦汁便器,山崎香織
5417,n0420,転落秘書屈辱汚汁処理係,松下美咲
5416,n0419,美乳新人アナ局内極悪輪姦,森川千里
5415,n0418,高慢読者モデル輪姦汁天誅,永山恵美理
5414,n0417,超絶美少女最悪輪姦汁殺,佐藤穂乃花
5413,n0416,美乳Eカップ完全基地外化,神崎亜里沙
5412,n0415,高慢女王屈伏輪姦肉奴隷,峰さつき
5411,n0414,女子アナ輪姦業界肉便器,平山祐美
5410,n0413,絶対餌食女子校生輪姦汁,朝倉菜摘
5409,n0412,美乳新人RQ輪姦3穴調教,白石結杏
5408,n0411,現役MC輪姦汁濁奇怪具,森永みさと
5407,n0410,調教変態OL輪姦濃汁三昧,倉林聖子
5406,n0409,美脚秘書全穴輪姦奉仕汁,小川由紀
5405,n0408,輪姦一般女性強制中出し,水嶋美香
5404,n0407,崩壊コーマンデリバティブ,松下美由紀
5403,n0406,東熱流有名女優絶望輪姦,高原みやび
5402,n0405,鬼逝 - 宮本絵梨,宮本絵梨
5401,n0404,犯され美人輪姦餌食人生,安西千尋
5400,n0403,炉餌食輪姦強奪アナル処女,三崎香織
5399,n0402,純真炉娘輪姦鬼挿不浄汁,細川めぐ
5398,n0401,長身モデル系中出し33連発,高嶋みなみ
5397,n0400,前乃さとみ壮絶廃人引退,前乃さとみ
5396,n0399,生意気モデル輪姦汁濁天誅,酒井真穂
5395,n0398,美脚CA中出し感染重篤汁,水野あかり
5394,n0397,巨乳アイドル孕怯輪姦本気泣,小倉優
5393,n0396,東熱流有名女優汁殺輪姦,青山遥
5392,n0395,特命オマンコ黒黄輪姦肉便器,若槻かおり
5391,n0394,祝汁!シゴキ中出し世界新!,蒼井はるか
5390,n0393,東熱流有名女優汚辱輪姦,高原みやび
5389,n0392,純真炉娘輪姦鬼畜中出し,細川めぐ
5388,n0391,高慢モデル懺悔猛省3穴汁,川島ひかる
5387,n0390,巨乳新人OL輪姦汁洗礼,井川陽菜乃
5386,n0389,裏東熱流精液作法ナマ指導,徳川静香
5385,n0388,拉致美少女監禁非道輪姦,蒼井はるか
5384,n0387,美形素人失禁輪姦絶望汁,宮本絵梨
5383,n0386,生意気RQ粉砕輪姦大膣射,伊達ミカ
5382,n0385,校内輪姦膣内徹底破壊汁,野村心結
5381,n0384,Eカップ監禁調教輪姦狂壊,神崎亜里沙
5380,n0383,鬼逝 - 橘つばき,橘つばき
5379,n0382,騙し撮影集団鬼姦アミダ籤,村山明日香
5378,n0381,女子アナ滑舌向上膣射特訓,若杉香
5377,n0380,教室輪姦極悪膣内コーラ洗浄,星野奈々
5376,n0379,有明スレンダー輪姦廃棄処分,松岡梨恵
5375,n0378,溜池美人講師日米マラ汁殺,結城花梨
5255,n0258,石川めぐみのマンコが壊れた,石川めぐみ
5374,n0377,鬼逝汁 - 平井美奈子,平井美奈子
5373,n0376,鬼逝 - 竹内沙也,竹内沙也
5372,n0375,鬼汁 - 高橋亜弥,高橋亜弥
5371,n0374,醜男中出し汁治療⑮連発,持田瞳
5370,n0373,女教師校内輪姦溺汁死,菊川利恵
5369,n0372,イベントコンパニオン3穴限界陵辱,中山栞
5368,n0371,黒黄姦変態美人エステティシャン,高橋なるみ
5367,n0370,炉顔炉満崩壊輪姦汁感染,若杉千秋
5366,n0369,キモ男が美人を輪姦中出し,結城花梨
5365,n0368,鬼逝 - 平野くみ,平野くみ
5364,n0367,鬼逝 - 夏樹恵理香,夏樹恵理香
5363,n0366,小マンコ中出し精液痰壷化,星川美里
5362,n0365,M女教師3穴徹底汁調教,芳賀綾美
5361,n0364,鬼汁 - 高橋なるみ,高橋なるみ
5360,n0363,略奪的貸付輪姦落涙返済,佐伯涼子
5359,n0362,極上炉餌食鬼畜汁便器化,高橋亜弥
5358,n0361,拉致輪姦黒黄太魔羅餌食,綿貫沙織
5357,n0360,傲岸アスリート系フルボッコ輪姦,西原美貴
5356,n0359,E-CUP完璧メス屈辱の極致,武藤由来
5355,n0358,高慢美女輪姦中出し是正,緒形茉莉
5354,n0357,東熱CA大乱交2008 Part2,戸田さおり 野村由香利 木崎紗耶 遠藤ありさ
5353,n0356,東熱CA大乱交2008 Part1,戸田さおり 野村由香利 木崎紗耶 遠藤ありさ
5352,n0355,高慢現役モデル3穴汁成敗,富永舞
5351,n0354,ギャルモデル収拾不能輪姦,井上美羽
5350,n0353,美脚美乳OL膣内一斉掻爬,後藤美帆
5349,n0352,鬼汁 - 木下さやか,木下さやか
5348,n0351,鬼逝 - 森高七海,森高七海
5347,n0350,騙し!極悪非道40人輪姦,西崎可南子
5346,n0349,高慢女狐医3穴鬼挿折檻,中嶋麻美
5345,n0348,鬼汁 - 遠藤ありさ,遠藤ありさ
5344,n0347,強烈痴女医輪姦精液中毒,山崎澪
5343,n0346,巨乳アイドル連続膣射廃人化,小倉優
5342,n0345,新人女教師鬼姦腸汁教室,桂木まどか
5341,n0344,混血ナース膣内強制隠蔽汁,佐藤ローサ
5340,n0343,異業種参入生挿入3穴鬼姦,若杉愛莉
5339,n0342,メコバンク淫裂破綻懸念,木崎紗耶
5338,n0341,蒟蒻人参ザーメン甘蕉,木下さやか
5337,n0340,新人OL社内中出し⑪連発,山下亜季
5336,n0339,襲来輪姦新自由主義,早乙女優
5334,n0337,悪魔のダイレクトメール,高岡章子
5332,n0335,抉じ開け注入汁胎盤感染,佐々木怜
5331,n0334,高慢RQ腐敗汁詰込再教育,米倉恭子
5330,n0333,モデル・RQ堕胎日常業界死,小泉レナ
5329,n0332,炸裂底辺ザーメン令嬢破壊,浜本美貴
5328,n0331,女子校生強制連行鬼輪姦,加藤奈津美
5327,n0330,肉奴隷宙吊り発狂輪姦死,宮島紀子
5326,n0329,極悪集団痴漢車内暴力汁,津島亜矢子
5325,n0328,令嬢無惨輪姦精液下克上,高野夕美
5333,n0336,精液汚染牝分級混練処理,多岐川みなみ
5324,n0327,女子大生学内3穴汁懲罰,平松優香
5323,n0326,有名女優東熱流徹底破壊,湯川沙耶
5322,n0325,3穴串刺輪姦直入れ⑯連発,西岡麻耶
5321,n0324,薄幸牝中出し土下座奴隷,若松風香
5320,n0323,過剰中出し重症アナフィラキシー,吉井りお
5319,n0322,アイドル系大量精液子宮直撃,一之瀬美久
5318,n0321,新体操牝汁男優直入膣射,篠原今日子
5317,n0320,バイリンギャル言語不要輪姦,瀧沢クリス
5316,n0319,人間不適格RQ3穴鬼折檻,寺田玲依子
5315,n0318,美乳RQ徹底的膣内射精,濱田マキ
5314,n0317,高慢浪費牝輪姦異物天誅,山下香織
5335,n0338,鬼汁 - 真宮梨沙子,真宮梨沙子
5313,n0316,監禁鬼輪姦発狂基地,立花静
5312,n0315,拉致監禁非道輪姦発狂牝,柳沢麗奈
5311,n0314,JYUON/汁怨 流しザーメン,月嶋千恵
5310,n0313,セレブ転落輪姦下衆汁塗れ,土永綾香
5309,n0312,田中愛強制連行姦汁納め,田中愛
5308,n0311,3穴彎曲男汁腸汁荒療治,吉村真弓
5307,n0310,3穴輪姦直腸直撃流し込み,杜泉
5306,n0309,セレブ粉砕!羽交締鬼輪姦,北嶋聖子
5305,n0308,美形崩壊拘束輪姦窒息汁,古田美穂
5304,n0307,巨乳秘書機密漏洩汁制裁,田宮梨香
5303,n0306,炉雌狐血祭懺悔無視輪姦,芹澤あかね
5302,n0305,屈辱モデル系姫甘藍蒟蒻汁,萩原ミク
5301,n0304,極悪四方八方汁嵐50発,千葉美智子
5300,n0303,口内強制19発鬼中出し死,津川夢叶
5299,n0302,中出し汚汁顔面ヌリコミ秘書,森高七海
5298,n0301,極上BODY過剰輪姦産廃化,和久井由佳
5297,n0300,スレンダーCA直入22発膣崩壊,戸田さおり
5296,n0299,罠!美形餌食偽医者肉便器,古田美穂
5295,n0298,長身バレー系中出し鬼折檻,星野静香
5294,n0297,不良債権緊縛サルベージ,富永多香子
5293,n0296,寿退職阻止輪姦祝汁懐妊,野々村智美
5292,n0295,女教師恐喝輪姦圧巻尿曝,矢崎美佳
5291,n0294,輪姦モデル系転落落涙霞町,杜泉
5290,n0293,アホ馬鹿女子大生鬼汁天誅,吉澤ひろみ
5289,n0292,上玉CAナマ輪姦精液逆噴射,滝川京子
5288,n0291,彼女系転落沈没東京熱,千葉美智子
5287,n0290,巨乳女子大生玩弄汁飼育,与謝野美沙
5286,n0289,高圧女上司3穴陵辱牝豚化,南条真琴
5285,n0288,粉砕高慢RQ汚濁汁鬼注入,戸田さおり
5284,n0287,芸界肉便器膣壊最終処理,内藤由貴
5283,n0286,精子炉汚染校内廻しブッカケ,安原優花
5282,n0285,限界輪姦鬼中出し30連発,西川ひとみ
5281,n0284,スレンダー崩壊黒黄連合輪姦,横川ちづる
5280,n0283,女子アナ輪姦汐留汚濁汁,西川彩
5279,n0282,洗礼業界汁鬼輪姦札の辻,野々村智美
5278,n0281,大量自白強要汁膣穴注入,新倉麻美
5277,n0280,カンフー♀シゴキ中出し大返討,二宮真紀
5276,n0279,モデル面接輪姦精液大注入,森高七海
5275,n0278,極悪調教!新人OL無限汁入,安田紗枝
5274,n0277,Wローター12連発汁強烈攪拌,山名詩織
5273,n0276,生姦医院中出し専用レディ,浜崎瑞穂
5272,n0275,巨乳女医精液グチャ混ぜマンコ,森口絵美
5271,n0274,無限潮噴き中出し混合汁,西川ひとみ
5270,n0273,高慢令嬢天罰精液大注入,渡瀬成美
5269,n0272,大量汚濁精液に沈むウブ娘,本村奏
5268,n0271,グラドル転落輪姦精液塗レ死,石川めぐみ
5267,n0270,浮れ女子大生精液生懲罰,新山莉央
5266,n0269,中出し監禁電摩精液地獄,野口裕美
5265,n0268,女子アナ輪姦シゴキ中出し汁,弓月亜里沙
5264,n0267,中出しメイド輪姦精液奴隷,西川ひとみ
5263,n0266,着服OL3穴鬼出し汁懲罰,山吹あずさ
5262,n0265,機密漏洩OL社内鬼汁輪姦,藤木加奈
5261,n0264,狙われたら中出しナマ輪姦,新倉麻美
5260,n0263,カンフー女中出しKO乱打汁,二宮真紀
5259,n0262,転落RQシゴキ中出し19連発,真宮梨沙子
5258,n0261,女子大生RQ膣内異常精液,野口麻紀
5257,n0260,黒黄精液地獄壮絶輪姦死,向井千晶
5256,n0259,東熱潜入女スパイ迎撃輪姦,柴山ゆかり
5254,n0257,援交女輪姦中出し精液罰,山崎加奈子
5253,n0256,因果応報!輪姦満入鬼畜汁,松田亜美
5252,n0255,不用厭牝中出し廃棄処分,三国冬子
5251,n0254,増長女医輪姦中出し折檻,山名詩織
5250,n0253,無料校内中出し用炉便器,根本真由
5249,n0252,高飛車美人教師精液轟沈,原田友美
5248,n0251,陵辱学園最悪の流し込み,華咲菜々美
5247,n0250,巨乳美少女生中出し折檻,森口絵美
5246,n0249,アナルマンコ無限中出し39連発,南麗美
5245,n0248,本物RQ体内汁注入22連発,菊池奈津美
5244,n0247,教室炉輪姦精液過剰注入,若月秋穂
5243,n0246,東熱RQ大乱交2007 Part3,石川めぐみ 真宮梨沙子 田中愛 近藤真理子
5242,n0245,膣肉無惨!押込み攪拌18発,中山恵理
5241,n0244,東熱RQ大乱交2007 Part2,石川めぐみ 真宮梨沙子 田中愛 近藤真理子
5240,n0243,スレンダーOL催眠中出し輪姦,高田真由
5239,n0242,東熱RQ大乱交2007 Part1,石川めぐみ 真宮梨沙子 田中愛 近藤真理子
5238,n0241,穴開きjeans股間不閉輪姦,綿貫真弓
5237,n0240,美人タレント中出し肉便器,松田亜美
5236,n0239,汁壷巨乳肉オブジェ,高樹梨奈
5235,n0238,素人読者モデル残虐汁餌食,滝川京子
5234,n0237,高慢女社長復讐吊下輪姦,山崎由紀恵
5233,n0236,爆乳美脚RQ中出し大精液,神崎さゆり
5232,n0235,特殊金属膣肉捻じ曲げ汁,矢野美雪
5231,n0234,中出しナース精液過剰摂取,藤川唯
5230,n0233,女子大生便器長身モデル系,矢沢優
5229,n0232,ナマイキRQ中出し折檻乱呼吸,真宮梨沙子
5228,n0231,巨乳女子大生中出し汁沈,仲村桃華
5227,n0230,綺麗なお顔が歪みに歪む,長谷川亜矢
5226,n0229,小日向葵 中出し家畜調教,小日向葵
5225,n0228,オマンコ爆発精液溶岩流,本上優
5224,n0227,生中出しアイドル東熱Debut!,石川めぐみ
5223,n0226,女子アナ過剰中出し本気泣,手塚奈緒
5222,n0225,キャンギャル生中出し審査会,神崎さゆり
5221,n0224,全穴射精マンコアナル流し込み,矢田亜季
5220,n0223,若妻輪姦緊縛吊下生仕置,東山郁美
5219,n0222,愛葉るび 沈没呵責悔恨汁,愛葉るび
5218,n0221,勧誘奨励!極悪輪姦占い師,藤川唯
5217,n0220,輪姦OL膣内汁射14連発,永瀬留美
5216,n0219,中出しCA精液埋没解雇,中川美由紀
5166,n0169,川奈舞「もう中はイヤ!」,川奈舞
5215,n0218,小日向葵のCA輪姦大精液,小日向葵
5214,n0217,輪姦中出しスッチー汚制服,沢渡杏里
5213,n0216,新人女子アナ膣飛出し輪姦,本上優
5212,n0215,最強陵辱無限中出し便器,笹岡三咲
5211,n0214,アナル処女強奪3穴串挿輪姦,南麗美
5210,n0213,3穴串挿東熱流人体実験,塚本みゆき
5209,n0212,RQ展示会生中出しフェア,藤木涼子
5208,n0211,平成産新人OL輪姦中出し,渡辺美奈
5207,n0210,生姦専用秘書!暴走社員汁,浜崎瑞穂
5206,n0209,東熱流輪姦種付け荒療治,小松原綾音
5205,n0208,偏差値25馬鹿女鬼中出し,中田恵理
5204,n0207,これが指開き流し込みだ!,瑞澤沙織
5203,n0206,精液製メレンゲの気持ち,可愛真子
5202,n0205,田中愛精液24連発炎上汁,田中愛
5201,n0204,美形スレンダー精液毒毒注入,安藤沙弥香
5200,n0203,大量中出し強制飲尿便器,小野悠美
5199,n0202,美女医過剰輪姦膣内麻痺,永瀬留美
5198,n0201,豹変獣化同級生非道輪姦,酒井ちゆり
5197,n0200,美脚残酷物語膣壁浸透汁,浅尾美知
5196,n0199,赤く爛れたマンコが痛い!,藤沢安奈
5195,n0198,ナマ中出し聞いてません!,沢渡杏里
5194,n0197,絶望的精液のたくり地獄,大塚玲子
5193,n0196,穴開きジーンズ鬼中出し,石黒圭
5192,n0195,美人教師鬼輪姦失神教室,中野弥生
5191,n0194,生産性向上中出し注入穴,藤木涼子
5190,n0193,アナル処女強奪!全穴鬼輪姦,篠崎雪枝
5189,n0192,史上最悪の中出しマンコ,浅田真美
5188,n0191,ザーメン虫体内異常繁殖,小野悠美
5187,n0190,飲精地獄!監禁無限中出し,金沢瞳
5186,n0189,高級スレンダー永遠中出し,藤沢安奈
5185,n0188,実録!業界の掟ナマ中出し,田中愛
5184,n0187,CA輪姦中出しフライト,高橋みき
5183,n0186,バナナ精液同時排泄ブビ,芹沢春菜
5182,n0185,催眠悪用集団輪姦30連発,島崎かおり
5181,n0184,借金娘輪姦中出し肉払い,松原茜
5180,n0183,美乳炉利監禁無限中出し,浅田真美
5179,n0182,完全モデル系輪姦人格破壊,藤沢安奈
5178,n0181,陵辱学園生姦専用女教師,小沢雪
5177,n0180,デパ地下販売員を犯せ!,日比野真理
5176,n0179,特上女をナマ輪姦鬼中出し,田中愛
5175,n0178,STSD過剰輪姦性心神障害,芦沢香織
5174,n0177,毎日中出しされに来い!,寺田美沙
5173,n0176,粉砕!勝組セレブ系鬼輪姦,中西志保
5172,n0175,蒟蒻饂飩ザーメンパスタ,福岡未来
5171,n0174,卑貪鬼集団輪姦飲精奴隷,水樹英理奈
5170,n0173,私のマンコは暴風雨hPa,日比野真理
5169,n0172,巨乳炉利校内中出し三昧,浅田真美
5168,n0171,悪!不特定多数精液蟻地獄,並木沙耶
5167,n0170,美人OLブッカケ中ダシ再研修,高橋みき
5165,n0168,コスプレ3種オール生中出し祭り,堀北美樹
5164,n0167,女の存在理由精液ブビブハ,蛯沢真理
5163,n0166,特訓RQ極悪無限膣内射精,澤田なつみ
5162,n0165,東京熱流女子捕獲大作戦,小沢雪
5161,n0164,生姦東熱スポーツ倶楽部,大沢萌
5160,n0163,黒白黄混合精液異常噴出,香菅みよ
5159,n0162,輪姦精液流し込み蟹泡女,森田めぐみ
5158,n0161,中出し精液飲み干し少女,水樹英理奈
5157,n0160,電動ドリルバイブRQ餌食,福岡未来
5156,n0159,卒業生餌食!極悪恩師汁,太田美優
5155,n0158,舞が黒人に中出しされた!,川奈舞
5154,n0157,吊下げ鬼輪姦精液電摩死,中谷美穂
5153,n0156,宅配M女緊縛鬼陵辱廃棄,江川瀬奈
5152,n0155,負債RQ・メス売買闇市場,大沢萌
5151,n0154,緊縛借金女蝋鞭失禁地獄,若林リカ
5150,n0153,3穴串挿精液フラマンコ,伊集院美香
5149,n0152,東熱RQ生中出し大乱交 3,川奈舞 南ゆう 榊りお 藍澤ひとみ
5148,n0151,美麗子宮大精液輪姦教室,工藤裕子
5147,n0150,健康チェックはナマ中出し,澤田なつみ
5146,n0149,モデル輪姦脱肛流し込みV,森田めぐみ
5145,n0148,緊縛炉娘完全奴隷家畜化,荒木りこ
5144,n0147,東熱RQ生中出し大乱交 2,川奈舞 南ゆう 榊りお 藍澤ひとみ
5143,n0146,完全人格破壊人間金隠し,江川瀬奈
5142,n0145,舞!覆面緊縛鬼泣喚涎汁,川奈舞
5141,n0144,輪姦鬼餡流し込み地獄!,秋田奈緒美
5140,n0143,東熱RQ生中出し大乱交 1,川奈舞 南ゆう 榊りお 藍澤ひとみ
5139,n0142,迎撃!鉄満女30人鬼輪姦,常夏みかん
5138,n0141,ダンサー調教緊縛輪姦曲,速川ひかり
5137,n0140,彼氏に売られて東京熱!,三上沙紀
5136,n0139,高飛車女教師輪姦生奴隷,杉崎綾
5135,n0138,舞!指開き流し込み10連発,川奈舞
5134,n0137,過剰輪姦紫腫れ死マンコ,緑川茜
5133,n0136,40人輪姦炉利中出し破壊!,北上もも
5132,n0135,膣容量オーバー鬼中出し,中谷美穂
5131,n0134,強烈流し込み顔面炉便器,荒木りこ
5130,n0133,舞の東熱 流し込み垂流し,川奈舞
5129,n0132,RQ粉砕!最終型人間便器,榊りお
5128,n0131,キャンギャル精液膣穴人形,吉川ひなこ
5127,n0130,普通の人生が終った日,三浦裕子
5126,n0129,炉系餌食!東京援交物語,阿川理央
5125,n0128,3穴中出し精液アナル戻し,大宮れみ
5124,n0127,爆乳美脚RQ中出し鬼輪姦,森高レナ
5123,n0126,拘束綺麗系縛りナマ輪姦,坂下陽子
5122,n0125,極悪非道!涙の流し込み,香菅みよ
5121,n0124,限界炉マンコ鬼畜汁餌食,相沢唯衣
5120,n0123,汁壺臭女汚水処理場未満,雨宮かおる
5119,n0122,輪姦出血!流し込み発狂,井上マヤ
5118,n0121,高慢美脚女過剰輪姦痴死,澤田由香里
5117,n0120,輪姦中出し妻母失格女!,藤井美砂子
5116,n0119,連続生輪姦膣内大精液禍,緑川茜
5115,n0118,東熱史上最大の中出し,加藤爛
5114,n0117,淫乱新人OL生姦入社祝い,松本真紀
5113,n0116,淫語でしゃぶらナイト,釈迦由美子
5112,n0115,輪姦炉利膣内精液攪拌潮,北上もも
5111,n0114,緊縛生輪姦吊肉絶頂痙攣,河合ここな
5110,n0113,高慢女医・拘束三穴汁懲罰,つばき摩耶
5109,n0112,特濃鬼畜汁膣内充満溢出,香菅みよ
5108,n0111,失禁懲罰東京熱残酷物語,小林涼香
5107,n0110,騙!痩身素人連続膣内射精,大久保亜衣
5106,n0109,帰国子女生輪姦流し込み,夏井瀬里奈
5105,n0108,すべての穴にザーメンを!,桐谷静香
5104,n0107,膣穴製ザーメンカクテル,高宮沙織
5103,n0106,輪姦OL公衆便所未満,志摩明日香
5102,n0105,熟女!ロート直結流し込み,守永未明
5101,n0104,中出しマンコ立位攪拌潮,緑川茜
5100,n0103,精子は子宮に入れましょう,天野真琴
5099,n0102,中出し巨乳放尿フェラ女,広田美紀
5098,n0101,女子選手は極上のオカズ,桜井愛華
5097,n0100,東熱史上最大の陵辱,稲葉みさき
5096,n0099,単体オンナでもナマ輪姦,真中ゆり
5095,n0098,キャバ嬢騙して生中出し,京野あけみ
5094,n0097,素人さんは絶好の餌食!,諸岡ゆう
5093,n0096,白肌制服美少女餌食系,白鳥果歩
5092,n0095,素人さんは格好の餌食!,葉月かりん
5091,n0094,RQ志望女生流し込み粉砕,藤沢マリア
5090,n0093,ナマ中出し輪姦調教学級,森宮美雪
5089,n0092,黒髪清楚系少女の悲劇,芹沢まゆら
5088,n0091,セレブ吊るしてナマ輪姦,川奈ちなみ
5087,n0090,東熱沈没人生終了RQ,鈴木悠里
5086,n0089,本物RQ生中出し流し込み,麻生めぐ
5085,n0088,現役モデル生中出し祭り,志摩明日香
5084,n0087,生輪姦ニ穴大量中出し,朝比奈リカ
5083,n0086,崩壊!美形スレンダー輪姦,青木美優
5082,n0085,子宮直結!中出しマシーン,一色安奈
5081,n0084,若妻輪姦緊縛ナマ肉奴隷,北原みなみ
5080,n0083,脱糞?クォーター白痴美少女,秋元純菜
5079,n0082,極悪!返済手段は馬鹿女,水月ゆう
5078,n0081,綺麗なお姉さんは生輪姦,加額理香
5077,n0080,新卒女子窒息男根涙地獄,今井愛子
5076,n0079,輪姦スッチー汁漬け脚線美,吉井ゆい
5075,n0078,緊縛生輪姦飲精肉奴隷,安倍かおり
5074,n0077,美人OL社内ナマ輪姦,桜月舞
5073,n0076,中出し!膣内攪拌生輪姦,星川れん
5072,n0075,美人スッチー中出し輪姦,麻生めぐ
5071,n0074,愛沢くるみの中出しポリス,愛沢くるみ
5070,n0073,罠!中出し輪姦水着撮影会,愛田かほ
5069,n0072,現役RQ膣口精液流し込み,小西りおな
20867,n0071,排尿スペシャル Part1,滝沢美鈴 白鳥ゆき 山田まり 倉本舞 冴木ひかる 青木梨花
5067,n0070,あやかは生姦肉便器Part2,兼子あやか
5066,n0069,中出しマンコに精液の蓋2,松岡りほ
5065,n0068,肉便器大量精液強制嚥下,喜多嶋梨香
20869,n0067,膣肉の悲鳴を聞け!1,白鳥ゆき 山田まり 渋谷りな
5064,n0066,あやかは生姦肉便器Part1,兼子あやか
5063,n0065,生意気RQ腐れ性根荒療治,藍澤ひとみ
5062,n0064,肉便器こじ開け精液注入,中嶋瀬里奈
20868,n0063,ぶっかけ・スペシャル2,滝沢美鈴 野口かほ 中嶋佐奈 古川由摩 叶麗美
5060,n0062,緊縛生輪姦餡かけ中出し,大島華恋
5059,n0061,さくらフォーエバー Part3,桜田さくら
5058,n0060,生姦アタックナンバーワン,近藤真理子
5057,n0059,三穴中出し沈没精液風呂,香月かのん
5056,n0058,援交女子校生二穴精液罰,坂井美紀
20859,n0057,ぶっかけ・スペシャル,白鳥ゆき 山田まり 山口玲子 倉本舞 青木梨花
5055,n0056,さくらフォーエバー Part2,桜田さくら
5054,n0055,アナルも中出し面接肉便器,松村かすみ
5053,n0054,学園アイドル生姦徹底陵辱,兼子あやか
5052,n0053,さくらフォーエバー Part1,桜田さくら
5051,n0052,新卒女教師拘束輪姦学級,松嶋耶弥
5050,n0051,生意気スッチー生姦肉便器,綾波レイカ
5049,n0050,生姦女子校生中出し肉道具,瀬戸彩
5048,n0049,かわいゆい・涙の生肉便器,かわいゆい
5047,n0048,高飛車モデル・監禁汁懲罰,つばき摩耶
5046,n0047,あいのりデヴィ中出し輪姦,デヴィ
5045,n0046,高飛車ホステス・生中出し,桜井彩花
5044,n0045,つばさの生姦年賀状Part2,沖那つばさ
5043,n0044,つばさの生姦年賀状Part1,沖那つばさ
5042,n0043,「憧れの女」を精液便器に,小宮山怜
5041,n0042,栗山ァ!二本挿し中出し,栗山未来
5040,n0041,中出しナース・生姦分娩台,桜沢雪乃
5039,n0040,生姦宅配便・若妻中出し,神崎麗
5038,n0039,『憧れの女』をナマ中出し,小宮山怜
5037,n0038,中出し19歳・アナルも生姦,坂井美紀
5036,n0037,生姦女子大中出精液講義,桜沢雪乃
5035,n0036,生意気モデル・精液生懲罰,つばき摩耶
5034,n0035,生姦大学淫・中出研究室,神崎麗
5033,n0034,中出しOL・社内膣肉接待,宮崎リサ
5032,n0033,中出し若妻・生姦精液注入,桜田さくら
5031,n0032,中出し看護婦・生姦ドック,小島エリカ
5030,n0031,中出しRQ・膣肉限界陵辱,宮崎リサ
5029,n0030,生意気OL眼球直撃22連発,小日向ひまり
5028,n0029,生姦女子大・暴走教授汁,小島エリカ
5027,n0028,中出しマンコに精液の蓋,藤村あやか
5026,n0027,キャッ!成績が下ガ～ル,渋谷りな
5025,n0026,生意気RQ・中出し放尿,中嶋佐奈
5024,n0025,生姦精液バニー食材陵辱,野口かほ
5023,n0024,美形Gカップ・中出し攪拌,相沢もも
5022,n0023,サヨナラ美鈴・最後の生姦,滝沢美鈴
5021,n0022,元気ハツラツ生姦中出し!,渋谷りな
5020,n0021,素人騙して生姦中出し!,藤村あやか
5019,n0020,スレンダー精液ポリス,中嶋佐奈
5018,n0019,極上生肉・ナマ姦中出し,野口かほ
5017,n0018,スレンダー生姦RQ,冴木ひかる
5016,n0017,こんな娘が生姦・中出し!,滝沢美鈴
5015,n0016,犯された秘書・生中出し,古川由摩
5014,n0015,膣穴全開子宮晒し13連発,叶麗美
5013,n0014,超脚長RQ・FIST&amp;精液地獄,古川由摩
5012,n0013,美形AV女優・初中出し!,叶麗美
5010,n0011,ザーメンエステ顔面パック,白鳥ゆき
5011,n0012,爆乳女王精液マンコ,山口玲子
5009,n0010,爆乳女王・ナマ中だし,山口玲子
5008,n0009,精液吸引レースクィーン,吉川雪菜
5007,n0008,女子校生中出し輪姦,山田まり
5006,n0007,新任女教師教室中出し,吉川雪菜
5005,n0006,パラソル没入性器破裂,青木梨花
5004,n0005,精液あんかけ呼吸困難,倉本舞
5003,n0004,美形レースQ・中出し!,白鳥ゆき
5002,n0003,コスプレ精液美乳ロリータ,山田まり
5001,n0002,中出しポリスは生挿入,青木梨花
5000,n0001,OL無残社内ナマ中出し,倉本舞
